epoch,phase,beta_intrinsic,loss,reconstruction,kl_intrinsic,kl_niche,mean_eta,mean_own_responsibility,library_penalty
1,warmup,1.0,266.1397903442383,262.0974161783854,4.01510241429011,0.0,0.0,1.0,0.2726928755640984
2,warmup,1.0,224.94473724365236,219.35177357991537,5.565693918863932,0.0,0.0,1.0,0.27269398123025895
3,warmup,1.0,209.61821950276692,203.96776885986327,5.623252582550049,0.0,0.0,1.0,0.2719982480009397
4,warmup,1.0,204.1927459716797,198.2757563273112,5.889558744430542,0.0,0.0,1.0,0.27429814885059994
5,warmup,1.0,201.77084096272787,195.57747497558594,6.166102457046509,0.0,0.0,1.0,0.27264138758182527
6,contamination,1.0,199.000075785319,194.0406265258789,4.929816246032715,0.0,0.25365623633066814,0.7361504316329956,0.2709524303674698
7,contamination,1.0,198.05227355957032,193.31702626546223,4.705390803019205,0.0,0.2811799416939417,0.6838638226191203,0.27043832739194235
8,contamination,1.0,197.10065307617188,192.37744954427083,4.69327187538147,0.0,0.28277448117733,0.6809436579545339,0.2710394029815992
9,contamination,1.0,196.6101267496745,191.86025797526042,4.7197537581125895,0.0,0.2853717068831126,0.6725090185801188,0.2726048226157824
10,contamination,1.0,195.7094690958659,190.94362182617186,4.735652796427408,0.0,0.27980226973692573,0.6748007416725159,0.27395340949296954
11,contamination,1.0,195.0778020222982,190.24912770589194,4.798380327224732,0.0,0.27362523674964906,0.6835548718770345,0.2755946268637975
12,contamination,1.0,194.51363271077474,189.62149302164713,4.8619537353515625,0.0,0.2674058238665263,0.6893132348855336,0.275108236571153
13,contamination,1.0,194.22379353841146,189.29556528727213,4.898124774297078,0.0,0.26287782192230225,0.6926384965578715,0.27475646138191223
14,contamination,1.0,194.05552978515624,189.10456339518228,4.921000178654989,0.0,0.2588648920257886,0.6982604543368022,0.2737540066242218
15,contamination,1.0,193.50224863688152,188.47998962402343,4.992348368962606,0.0,0.25406301418940225,0.6980092744032542,0.2736836403608322
16,contamination,1.0,193.02899729410808,188.03445485432943,4.964566437403361,0.0,0.2527693991859754,0.69830415447553,0.27447505096594493
17,contamination,1.0,192.6083185831706,187.53601888020833,5.042306280136108,0.0,0.24782302975654602,0.704910812775294,0.275148273507754
18,contamination,1.0,192.18152720133463,187.05755716959635,5.093939956029256,0.0,0.24752310315767925,0.7032579282919565,0.2755285163720449
19,contamination,1.0,192.08051096598308,186.96238962809244,5.08803326288859,0.0,0.24453256279230118,0.7051511387030284,0.27642680952946347
20,contamination,1.0,191.8886271158854,186.68531087239583,5.173260021209717,0.0,0.24052778532107671,0.7086180448532104,0.276518847544988
21,joint,1.0,192.82406107584634,187.5698277791341,5.168954149881999,0.08604157579441865,0.23081343919038771,0.6985453029473623,0.27589695851008095
22,joint,1.1578947368421053,192.6937454223633,186.92034200032552,4.940041700998942,0.02682015256335338,0.22136298815409342,0.7219431817531585,0.2780523712436358
23,joint,1.3157894736842106,193.00072428385417,186.81607615152996,4.6635889689127605,0.01947799778232972,0.21763757914304732,0.732675580183665,0.27687353640794754
24,joint,1.4736842105263157,193.2695576985677,186.7039815266927,4.42397583325704,0.015785708744078874,0.21605135301748912,0.737414167324702,0.27820977171262107
25,joint,1.631578947368421,193.71508382161457,186.87625478108723,4.163192065556844,0.016961490797499815,0.21624351739883424,0.740112163623174,0.2773572946588198
26,joint,1.7894736842105263,194.05087890625,186.93677520751953,3.9497496048609415,0.016938074491918087,0.2150253971417745,0.7438005606333414,0.27839470356702806
27,joint,1.9473684210526314,194.53760172526043,187.1208531697591,3.784935553868612,0.016965429733196893,0.21820596704880396,0.7433072865009308,0.2785715252161026
28,joint,2.1052631578947367,195.21923421223957,187.58462270100912,3.6040858109792073,0.018838944534460705,0.22077847917874655,0.7405129075050354,0.2796002268791199
29,joint,2.263157894736842,195.5134521484375,187.6275151570638,3.4624807755152385,0.024314532118539015,0.22283325642347335,0.7370292524496714,0.27985620548327766
30,joint,2.4210526315789473,195.51543680826822,187.61148223876953,3.2429823795954387,0.029608539864420892,0.22755769540866216,0.7340463081995646,0.2807074735562007
31,joint,2.5789473684210527,196.11133575439453,187.9728266398112,3.133876903851827,0.03730341916282972,0.2290692945321401,0.7334862172603607,0.2809662908315659
32,joint,2.736842105263158,196.36773376464845,188.24477996826172,2.9448843717575075,0.051154302433133125,0.23467261344194412,0.7245622118314107,0.27966314752896626
33,joint,2.894736842105263,196.48533376057944,188.07699534098307,2.8778167565663657,0.07984035536646843,0.23861256043116252,0.7209744314352672,0.28050370613733927
34,joint,3.0526315789473686,196.7093292236328,188.22170817057292,2.748562200864156,0.11855377728740374,0.24099664489428202,0.7211832046508789,0.28030865689118706
35,joint,3.2105263157894735,197.12082112630208,188.5509063720703,2.630429482460022,0.1728625530997912,0.24508415659268698,0.7178575992584229,0.282514584561189
36,joint,3.3684210526315788,197.3735809326172,188.74161173502605,2.510842450459798,0.2712200676401456,0.24913442234198252,0.7117536842823029,0.283125039935112
37,joint,3.526315789473684,197.4084208170573,188.6905949910482,2.411424454053243,0.35055720011393227,0.2516637941201528,0.7085299591223398,0.282358097533385
38,joint,3.6842105263157894,197.66122029622395,188.9119400024414,2.2965868949890136,0.4964039872090022,0.2517564872900645,0.7124089956283569,0.28477430492639544
39,joint,3.8421052631578947,197.66911824544272,188.98101450602215,2.1671284596125284,0.6421193381150564,0.25797823518514634,0.7071153064568837,0.2834640920162201
40,joint,4.0,197.71880544026692,189.02511952718098,2.0656012376149495,0.7789256076018015,0.26322986284891764,0.6986968318621317,0.2849991579850515
